A,B,C
0.1257302210933933,1.309632132803413,1.854617188107736
-0.1321048632913019,0.1717219817364911,-0.4626274332658479
0.6404226504432821,0.8324770007331427,0.6151996917875756
0.10490011715303971,0.3708435653292571,-1.124561557568398
-0.535669373161111,-1.9018272494019777,-4.1178302999395715
0.36159505490948474,-0.02795841872864635,0.21151651609252958
1.3040000451301372,0.34755439124844045,0.07682051298211623
0.9470809631292422,1.1444946154435574,2.0764695888440787
-0.7037352358069926,-1.2477333662104946,-2.7494494739283426
-1.2654214710460525,-1.309480592545801,-3.00106660626891
-0.6232744625373522,-0.7005670257982943,0.8015262057024808
0.0413259793472436,0.004955594442230392,0.09454410341967526
-2.3250307746388343,-2.3597778965503644,-5.028361589597521
-0.21879166393254573,-0.8711697703161441,-1.2632972671951919
-1.2459109472530652,-2.2999137428095997,-5.019481902719359
-0.7322673547034516,-1.3966236640570773,-0.7897417553596422
-0.5442589828573099,0.5272793577863384,0.8308367941495218
-0.31630015636915454,0.05786165009569827,-0.7904336379980428
0.4116305363741328,0.9985858969661484,1.6395046022770852
1.0425133694426776,2.4224812857470255,2.7934169293779596
-0.12853466294403426,-1.3079655961171974,-1.0402190294817917
1.3664634705496859,1.8764158920315073,1.8999066441240349
-0.6651946734866135,-1.7402687786893587,-2.137992749410608
0.3515100700930197,0.017177471226131835,1.8699573797090285
0.9034701816518086,1.3877100244224643,2.7374614803839945
0.09401229776087457,1.7083575648972986,1.2122804755394032
-0.7434992493538084,-1.5256641918289968,-1.3193934617459109
-0.9217253762584194,-1.0165216298522621,0.012295990229210574
-0.45772582566733916,0.6985109782875782,0.9717191857980514
0.2201951234700494,-1.2696129958953228,-0.9521838595459832
-1.009618183538736,-0.6475052688321747,-2.459341779056276
-0.20917557487171307,-0.5174537252695974,-0.2909902708805291
-0.15922500991447772,-1.0409199813845338,0.7221217535608457
0.5408455846858077,0.6874764077594163,-0.7885581752626165
0.2146591225063409,0.8095849843531648,2.001533528689738
0.3553727090399214,-0.5567270532862887,-0.053562470192390965
-0.6538286094183394,-0.27383882757159816,0.5856892410982975
-0.12961363369276946,0.04375635592732785,-0.2137922938873332
0.7839754700613295,-0.45783783594138483,-1.8375848661310936
1.4934311452207607,3.0468440121608835,6.531712548209629
-1.2590655321041202,-0.16916286228397492,-2.5876112885725924
1.5139237747390626,0.6539970268499448,2.968241023422965
1.3458754237823045,0.7592445410514586,1.9775496809128525
0.7813114007004275,1.5520916344479956,2.2938167395354307
0.2644556303293035,-0.23099341705356852,0.17108606991028824
-0.3139228145364278,-2.1536414197590465,-3.013430302186525
1.4580206835369587,2.5069027959376857,4.151507336544298
1.9602583164499647,1.9690397394157377,4.236973075625447
1.801634869866125,3.7086610608310426,6.311896492422957
1.31510376473437,1.672570887903356,3.112696162825686
0.357380410658956,0.5483729000419688,1.2244454691662185
-1.2083186322821715,1.66618184911196,1.7860477382755369
-0.004454133120083229,-0.17632147907151494,-1.0827974217900482
0.6564749350763358,-0.29534082980054355,0.4312780021786259
-1.2883614637495544,-1.0591634841803064,-1.869212433690684
0.39512206018200824,1.5308769632030743,2.961435425830083
0.42986369482223,-0.7352564493641986,-0.36897489746681894
0.6960427239628685,-0.21222238534258786,0.5831692248097387
-1.184117966757189,-0.7343408683807595,-2.263405767266327
-0.6617025720390349,-3.859047963722663,-3.280494508222346
-0.43643524714322124,-1.5291139051255276,-2.2867212028689683
-1.169801907772864,-0.3743178253307946,-0.8588271332534392
1.739367877130134,1.1526279609770378,2.790120738975021
-0.4959107284421519,-2.1223938611332067,-2.5874598758285083
0.3289696294602021,2.2545362878895086,1.3604477019206138
-0.258572545473924,-1.6691077027471923,-1.870968169353435
1.5834728788021222,1.0601073318422163,2.613934125897696
1.3203609870818391,0.9476294877911438,0.7843899896260162
0.6333526228249152,0.7164970168026166,0.609409244523894
-2.2035098806466507,-2.573015082550599,-5.230377249085418
0.05202897425988651,-0.028936104307223445,-1.505611718582304
0.6836861907765345,0.7411807698524443,0.20770319275047022
1.0039615758421696,0.9172851470757467,3.390810028467078
-0.6179070447076008,-0.5246332040143592,-2.1725226724735114
1.8220113633283233,-0.5569143244880363,0.4084190548818466
-1.3204309700132935,-0.8793662722457298,-3.595558353552679
-0.6615280218152191,-2.0659847197962558,-1.5001308234655528
0.9350499881140221,-1.2315955231150393,0.6216626284953802
0.049054613825311656,1.4304025203165185,1.7976737524735977
2.002392583645255,0.7168773044461494,2.803510591383535
0.18851919251246557,0.36838829846667465,0.06503374143547258
-0.6331940901922267,-1.4057555772571053,-2.3233588280845954
-0.37756350523280824,-1.0560297211032554,-2.1077479665151078
-1.0911461176191954,-0.6074913490370369,-1.0403700445630903
-1.277680166386608,-2.3259051255781165,-2.9113909164701988
0.6304114907682319,1.0030857661832142,2.546125680475121
0.5811658124128057,0.9618582886558149,3.5919191352105977
1.294558819441117,2.4590067333772643,4.460734185254034
-0.7546057912599311,-1.090819011756982,-1.2108963841891338
1.689107452443673,2.735689705807884,5.428495135317817
-0.2873877078086663,1.4333069989333986,-0.3960905667214545
1.5744082788445868,3.161090558265052,4.740231301516396
-0.4327858471825968,0.15329110960879805,-1.7919976354440008
-0.735483292342275,-0.2863172204132709,0.5554516497597013
0.24978537155866684,3.0992403322846074,2.856016087014799
1.0314530848694723,3.2636290436670286,6.068202898214161
0.16100957671534466,-0.6056077073934293,0.6169249697018266
-0.5855288241233366,0.33808021215495265,-0.7996848177030873
-1.341219714076669,-0.739260482013101,-3.740246689649057
-1.401520214917428,-1.329252753419107,-3.854790302085099
0.5026828498748657,0.6559951479970167,2.19739920112782
0.989713033285805,1.4774981457481187,2.145908574305012
-0.1642945926252907,0.7730638847043086,-0.8725158040076577
-1.0743648582284346,-0.8555949965768002,-2.1546715654640036
0.8730421526217066,1.2128358671814736,3.778584018385172
-1.2803939447145731,0.11174636942806782,0.44058928812716025
-0.7130680950592722,-0.3953478516319034,-1.5815020989779094
0.6210178535400985,1.16604033525318,2.095173389148276
-2.2501411735745918,-1.2599110769951571,-2.897306510539102
0.38636959756630584,2.0196320136247277,0.9268364577172299
-0.5816408364095031,0.645400092790894,-0.4691632289808997
0.10927969747781388,0.4864946503047065,0.19036096927863883
-0.07570152622082311,0.13211392775524083,0.4604645882190004
0.20211439504395987,-1.0214891828074537,-1.3296761114320201
0.6941719367070082,0.9862344808105596,0.28301942099609656
-0.7583697508984092,-1.795539510844232,-2.229702448611777
1.4209820223119163,0.39694258079615863,1.175917244110128
0.726093788947765,1.3766027164168162,0.8748003152400516
0.843732662303268,0.7431554787275134,0.3614913414279315
1.1648639811110282,1.6370734771403965,2.578959130321092
0.7875882217058694,0.16062510432787047,2.3992703500869457
0.844078680578592,2.0452826880547548,2.7148153893814113
0.07559361074288512,0.2193657907991197,1.368084485597036
-1.4267738509897323,-0.239045523956114,-3.911950928901538
-0.13504510003701392,0.5383953901448117,-0.435310768670739
-0.7695146401767057,-0.6042656015780435,-2.6317700790368077
-1.4227417685154136,-1.9012691796261352,-3.598566134441312
0.25845279091298756,0.2899603685618516,1.3186079679618787
-0.5685494541476426,0.259461031338978,-0.8555552401721839
-1.0298044380114637,-0.332146703857504,-2.606442815888294
-1.0430010800715654,-2.2385857325753076,-2.333847395909984
0.26841707970891465,1.2940991324548603,0.800383704837063
0.35867194917034445,0.14476400769523626,0.7759940630416751
1.3224574697668332,2.1377211907707103,2.7951813958520195
-0.013914668524093734,-0.7114029299346553,-0.2081910765547208
1.0418397592128221,1.6796950468693972,2.3379876520478637
1.4022648267725224,0.6056729439463203,2.803095594538852
1.1501656361496921,1.2795224678089272,3.050692524894166
-2.3653039062769743,-2.6633337129966237,-2.8073681674322715
1.228683719203421,0.9431111523440125,2.0916204734161132
0.33962000824864264,-0.22696723534226387,-0.8626785591154342
0.42377135285334727,0.2701922566028383,-0.4671536478829881
0.37122741773625884,-1.3694072724312327,-1.5954969364508405
0.3827571602707609,1.25935685367218,2.0174283237432356
0.3194142202523809,1.2811008073407686,0.8866900122959477
-0.35891330853862047,-0.8016871813856028,0.3583670487879276
-1.9016352983759945,-3.281389924283928,-4.982707057105864
-0.10891472790742324,-0.7556239977276997,-1.841557680777146
-0.8037318485206766,0.14388248117719915,-1.1228026174828862
1.0801634125378852,1.705684185919659,2.1474671468164823
-0.2887665059953775,-0.5891200669141521,-0.6996193152891331
0.08347535610700986,0.9807501362475938,0.038851874805060804
-0.8496059556101431,-1.8910867119426626,-1.4587283547712437
-0.5106224678981267,-1.1232587989891183,-1.9901906153214401
-0.011533061686586776,0.46307418499690284,0.21426144163461194
-1.4853751842635452,-1.5812885139680037,-2.1435137443802876
0.3006851142946058,-0.2885405848605977,-0.7363274522675864
-0.10607225344775092,-2.6181999839591534,-2.7256434349175813
-1.1857198050052338,-0.5145034703932179,0.09199052195358592
-2.3982328653977714,-2.0745110520004593,-4.061600704787076
0.513052133880305,-1.2298701946711152,-0.422995117617005
-0.29758403894333035,0.3027416471651972,-0.471237743600112
-0.5300084132181584,-0.5443721719767451,-2.0686206349789824
-0.23615462985294203,0.04268014752137353,1.5553345626397568
1.816475940881144,2.761669147457144,4.418037149577303
-0.049800969059643194,-0.7896877740089705,1.058502610126332
0.08661926298854213,0.8001834772276757,0.20290799071214094
-1.487072869675398,-0.8032187176919482,-1.035338803608766
1.6473390663560998,2.4088548056162775,3.850877103812265
0.9174879834442943,2.5534437617504673,3.8877135130123532
1.066934867005179,1.7256697097598757,4.009313218575726
0.0476727312116796,-0.5138849791275075,-0.024677637036272015
0.9166547888245957,2.7150392089631437,4.434271016270783
0.37094683509441023,-0.7363657105103709,-1.9283485096122686
0.6131890778590062,0.15046548350099231,0.30295303356181225
-0.1521929584082903,-1.1166626694126833,0.7758332870113294
-1.473887948041959,-1.5766487475838074,-3.279673109133014
1.028854347803183,2.1110736310135385,3.4585576091612173
-1.934959636609707,-0.6371736797691221,-2.7352230826055712
-0.23993667125803605,0.2235807445458672,-0.6379339495053109
-0.20452248839966083,-0.8139135519809083,-2.512494904873696
-1.0428601409845046,-1.596480739135039,-3.7810826330091967
0.6131231363365798,0.00992699967901467,2.3056204127902804
-0.20032970140956835,0.7525109809141202,0.47312064262623993
-0.4368683255972816,-1.3434076512075972,-2.9690846123063768
0.5198417309776412,1.384368006389824,1.0001443331991302
-0.47657904055841377,-0.5091731121826691,-0.11232353309664989
1.3889799748383085,1.5610310472902391,2.0028610870912003
0.35145507618731386,1.8631734600879861,1.589276705525775
-0.47433298683443925,-0.9496670008917624,-2.5406335879130175
-1.9442649759855442,-0.28253637983815016,-3.4859315767989747
-1.3077531969011476,-2.717205856274818,-2.375897813517935
1.0868307847683634,0.2620670908318604,1.2080083167534523
-0.050604063111342405,-1.6289954662129793,-2.0011064475072216
-0.2831250656795347,-1.0299069497294215,-1.9144816423082607
1.643251614242697,2.22613371145442,4.5818382108268665
-1.2826492440738984,-0.5449201791102671,-1.7660980965147357
-0.5856577998413593,-0.27888249636736884,-0.5721987386611544
-0.47258767675848407,-0.2054957150931348,-0.5412175411341362
0.5863372815313004,-0.5869896951761711,-0.3579740924915772
-0.663535198304047,-1.9903670312303166,-3.134790700773129
-0.6134178486140281,-0.3095278411270294,-2.657847811564683
-1.6051493968851136,-0.25734241957911697,-2.354270043393981
0.7293494040178566,0.3652146436531352,3.258121959715667
0.8061393585150219,-0.4624202580752911,-0.8957175194188691
-0.476376747401162,-2.00965722515099,-2.481662125707147
0.16333994554129863,-0.5173117690726371,-0.018246398441613354
-1.2926461227593415,0.28689769940972765,0.18827669209189324
-0.4718131547409021,-0.6795526922733136,1.506910752100503
1.377950952722521,0.340007578666073,1.3211625992523564
0.13573073406713437,-0.4737401100972954,-1.2151126637259846
2.310363486795888,1.8268185154927359,5.19735420289763
-0.7871927421571577,-0.521579326935454,-1.095763169048613
0.5802844167243075,-0.07973203685121699,2.506930373248935
-0.19550582783310236,-1.0854454025042723,-0.5556141674490948
0.5658178468280931,0.3778008622851162,0.2748215834847171
-0.0072113596587564995,0.46145896493746574,0.2576124889093899
-0.5611981104091591,0.15584565751969093,0.017686403102560866
-0.8676167643217026,-0.3170847480545056,-0.6840126531204895
3.0660367390488967,2.6085398093782635,4.540461233587781
-0.07734505972421603,-1.7724220777510107,-3.7739737142677865
-2.016660690233245,-2.815176833110232,-6.435614300426051
-0.6486006079033346,-0.3645192146272833,-0.3959597115107596
0.6780397271239971,-0.6555955583859168,-0.13079409183474947
-0.5000084331847482,-0.2473892102019371,-2.5822391317010758
1.3604462024852575,0.7704702533079143,1.580076207629627
1.0023982728439578,0.4202343193408742,-0.5143826762113621
-0.1523386358242358,0.9671683721979532,0.5516511954516439
-0.47221594277604334,-0.25348331289746706,-1.5910588636866474
-1.0048010070276965,0.3654551657987819,-1.197311641039927
-0.6999665423133247,-1.639219530276038,-2.423540949948761
-1.473143074665625,-0.342401882534779,-1.6329149901064217
1.2043962915330844,2.1134767017751956,3.377428363116296
1.5907007871260619,-1.4043019927386668,1.4780764624965486
-1.256138069727733,-1.3444087814972776,-0.19951848001085581
-1.1816829756864633,0.36054143323713217,0.030822838289149668
-1.768511857086917,-0.990454475918921,-2.94859871538901
-0.963854230732174,-1.4051753873001278,-1.617061829912578
-3.1063368012832915,-3.339127191955116,-7.17273048691788
-1.1422789566319196,-2.4453277378691176,-4.4134438833815635
1.2969153998005238,1.503207889860752,1.9288786934771385
-0.345672529464465,-2.1388446106899166,-2.1921576852047115
0.8545842348534083,-0.16072250913274422,1.932367506961841
-0.4889690638420449,0.6301952966234372,2.3653619906633807
1.760667296993123,1.7401022531177996,4.825041084011466
0.19921798301385701,-0.1642080658658987,0.7326972837654429
-0.3820022921434805,-0.48791341519492426,-1.5582424032654019
2.552424025371081,5.294318037858283,7.923390272533038
-0.3244718562854392,0.7107161344727446,0.9297035635113092
-1.2212233497261362,-1.9968647243217554,-3.3403411560065623
0.2019100019601099,1.8686597524504636,3.933431431486991
-0.03883503855807973,-0.12762997646663476,-0.9864157585868383
1.066324553166257,1.8060414865272207,2.15822823053717
-0.9216339244978112,-1.508264377264454,-2.049853311751465
0.8047169314794976,-0.1331390568385118,2.678378320780464
0.8527484705742913,1.6546611318300575,0.6946672066621662
-0.6676872919350705,-1.4365740413015469,-2.9503015433956175
0.16324400572267767,-0.6180741097754712,0.8330729079729453
-0.8307519568543374,0.06708234230486765,-1.4426206212578698
2.3458080738406677,1.1837390441460618,5.588641905503504
-0.7041395622801669,-2.123391564027913,-3.649050791644289
-0.4530744436687142,0.09197995268128123,0.7112315122957127
-1.0658380219633747,-3.0257196466561878,-4.179735145846534
-0.3461212751731734,-1.0978469318411357,-0.9844092659303949
-0.005876026696904225,-0.37152213869743334,-1.4132832634629517
0.7677891353446865,-0.5775178545923586,-1.4159362238401123
-0.6104866460656994,-1.7278771674711013,-1.5628142462804109
-0.1857739586715857,0.4800989697633647,-0.2349825825599713
-1.416489366414042,-1.1240363002919809,-3.4592187178411686
-0.8274022267661552,-1.7731136950665038,-3.705808770330677
2.755807558275951,3.2852931243110426,4.996064921308584
1.0412431916947957,2.560521632705462,4.954991484448698
-0.7814240416773149,-2.063841851611255,-3.7679091730348118
-1.3373972415282913,-1.2761414466862233,-3.1560115332460468
-0.9755828305996581,1.001068516933072,1.9921700924237102
-0.02169085951373511,0.5894690295346839,0.13546227368817004
0.034727788359190326,0.84811291245988,0.877184330419263
-0.7443606009308561,-0.9445132714310105,-1.3212229703827416
-1.2865744667376442,-2.084538222875262,-3.6671117793473975
1.4223785052484463,2.565750200125808,3.3000020681644884
0.4516854512950959,1.1054103954571275,2.8359806728533394
-0.3745680195679353,-0.42609120480313867,-0.4808285225143667
-0.22066120781608659,-0.6859969326394171,-1.5361517451213138
-0.5295304591256691,-2.277255687544783,-4.192084245624821
-2.9360454460171126,-2.7801392168981067,-6.8738567265363475
0.1156618270926259,-0.5760509374711238,-1.4849345082982206
-1.070544409695766,-1.2023986780768154,-4.428927086080254
-1.0026842990328195,-0.3317089147794017,-0.1604548032404427
-0.6402624053903738,0.17974030031323363,-0.35842141183976695
0.7323017147112972,1.451302683757214,2.7202582627817082
-1.170530808407683,1.0845335237975917,-1.5048715974630842
-1.434281459674122,-0.26916293049397266,-2.188552088056582
0.6398520751723783,-0.10622610060032478,0.2935264562028668
0.7543689046395509,-0.06393301890782699,0.7660256659688929
-0.958933707794222,1.369217016794761,0.2039973483283784
0.5623976772929592,-0.10092848099995821,-0.783455164841787
-0.2916324304147521,-0.33576777294791593,0.464449022720566
0.3012921765535601,2.0461512643099193,3.0577274630288374
-1.2609602800655342,0.4543555944300597,-0.731744662841938
0.8328944493608352,0.77826242019816,2.6433906703390724
1.203258954116498,1.445202035655376,3.8565644213792134
0.6370732356261833,-0.9980360664544848,1.0329435676997036
0.5583399616951433,-0.35000873882694417,0.37135661745621873
-3.772275156122734,-4.1375342862324125,-8.224604479777048
0.2606297490669398,0.2549695795782717,0.03578739517576135
-0.025445316692543535,-0.3487657927496226,0.5170218740082249
-0.1470455068463331,0.005248474729398822,-0.843261928530669
-0.63057798997102,1.5621235239243951,0.018019410540400904
0.0553649749135539,0.5197058358125829,1.1294677224009773
0.41211740512833367,0.7208245928831092,1.655946172413317
-0.263788160540625,-0.2619618046492083,0.11079967060427698
-0.46332413970987085,-0.6352317447096438,-1.9477739255922029
1.2297538109392712,2.462698411149021,3.9931894251006197
-1.1053671072691253,-2.0966285379846203,-2.286698441739343
1.0301551978238768,0.9045756727578189,1.4548994040657421
0.17681246373052467,-0.918964767353891,-1.0102906542802854
-0.8043056452824273,-0.7171759433590337,-1.81943564359049
-0.28998189606931385,-0.17093157383568475,1.0583049106813294
-0.9199936028121969,0.0005129053008707807,-0.018672082604492712
0.6750645184094394,1.8727261392259265,1.2072207901512437
0.3479017619704715,1.0109660952706307,-0.16188365737215826
-0.5567961751531812,1.0654631119371745,1.158777646296505
-1.102218299054223,0.4862849689185862,-0.8290364230245262
0.30171609350107054,0.6170747815562033,1.4513633506709729
0.9573856068419316,1.3307324694672644,2.5538135077901734
-0.11383634938188146,-2.0501180410836817,-1.1543535146438109
0.41835250088922316,0.7385957056167778,-0.4687668163978156
-0.37602715054974273,-0.38111870442758705,-1.305008860865828
0.06756920600942723,-1.620926005874064,-1.3023627285678292
-0.2912829113936885,-0.7226689432354869,-0.7794823221038706
0.2940421429749802,1.2514661097470627,0.5973688954292175
-1.509772513035727,-2.748546839352563,-4.785478292515053
0.6441905231896892,1.9371416878743983,1.9954893940827354
-0.2299324816033148,0.24486683713466395,0.05961352240005885
0.3586080676493852,0.13021997740584124,1.1893922957951277
-0.340310127466209,-0.48263741464492843,-1.0984160381646282
0.3203611893741035,1.1502882936236523,1.3175954286319083
-1.0725628041289215,-2.503957083639558,-5.670697392418015
1.189154412488462,3.2299163523854038,3.357967326705234
-1.7035445876372979,-2.5169641171717756,-2.3675286495889045
-1.0392388147791862,-1.8045220567262752,-4.55846849852241
0.23566606953963426,1.456434266728918,3.0564921775194476
1.462842285184577,2.2528946201963063,3.417845114536603
0.2781263018080308,1.6035179974578417,-0.08155744923163066
-0.24790845527908614,0.7980726185853936,2.00784874612276
-1.4250901432432643,-1.0486942144451494,-1.1897154649639763
-0.19127666443013225,-1.4676608110532212,-2.162185697811589
-0.019877011042093756,-0.4927169210807628,0.35468305844424686
1.690568645339397,1.8890080099611233,3.223682119216614
0.6221252216057821,0.604942651145441,1.2779941467047764
-1.5290928749284465,-3.5818756956110693,-4.944699070724375
2.0267790952431928,3.071184454598181,4.866952996593861
-0.39500987549879313,1.3361325864726672,1.4654953327676195
-0.8794597147043167,0.5846354839876428,0.09092477477958633
1.4748226520869099,0.4569630256100323,1.4089007891560712
-0.049755760296968106,0.38621101944157554,0.6324484196351742
-0.3674025993780988,-2.493900683963021,-3.3818908117350515
0.2187859889352313,1.9088041309182733,2.261408776176805
0.8448887803757161,-1.0949881294030952,-0.7469689482500566
0.9933362044496503,1.4038449676968536,2.494471846212485
-1.3752024000527405,-0.21262271142963507,0.0128207786965433
1.9984814702717295,3.2898032012024654,4.634393248437377
0.9468615879956256,1.290832102708534,0.7745666421204729
-0.37920106201315124,-1.8048511111198928,-0.5899067097132884
-0.8186598515214158,-0.9198356445657015,-1.4460510910137283
-0.9690124307582063,-1.237330904943155,-2.856957520242866
0.12337843757618257,0.4917375966231302,0.36546610193973617
-0.6480162941896269,0.3397296898261225,-1.2220376658369032
-0.7648739652865205,-0.10283308297822569,0.0701367957593717
0.8112544049416356,2.932870962611173,4.457464375811886
0.36456734382632344,1.0256181989485404,2.018757900279139
-0.3945712584237112,-0.7833887667295942,-0.9577565974335878
0.7342475961853729,2.364227148345555,1.0484331002973892
1.3673786263056709,1.0528505613610086,1.2332507923893605
-1.0944963126296459,-0.8126328016752584,-1.6227288071384316
-0.6032918841422477,-0.4225139577786444,-3.6807547561261327
0.9426218402198768,-1.3506095180903617,-0.4872432925479287
0.7189405658150543,0.9957605192393371,0.6893887176025706
0.22669885643799229,0.5161388099385853,1.3761313668078667
1.1624211875584574,0.9527161325860757,1.9185359397066122
-1.0882117291190974,-1.2294987043782943,-1.258792319178308
-1.479137833771104,-2.763541327292951,-3.9050244916382195
-0.8665073572768981,-0.7840440484388944,-1.5368026536914852
0.12254409553604008,1.625469581937902,0.7746741454736549
-0.7960867750951038,-0.9733563431060875,-1.1417344966652674
-0.48721815642469163,-1.0093439079102617,0.8827205442591319
-0.9750001191003014,-1.582729013910403,-4.268173578486354
-0.6204291445949027,1.3966587635924288,-0.24750477341066046
-1.0047872189929943,-2.3600307078700578,-1.7007252436509144
0.36746620574561295,1.2124159730824704,2.09167341052553
0.7948910679832192,0.9063028731298992,1.4052643216906189
-0.48044593951821124,1.440450483938774,1.7419829724445122
-0.2072657954706782,1.1039996254133573,1.2292259327928052
-0.5810325725119153,-0.6693505984739286,-1.9030051142081377
0.5312512156361892,-1.0102174219399886,-1.1472571180720754
0.08905603873921995,1.518695882011129,2.4630271901317253
1.5941569003382141,3.052200567982572,4.989662187221824
-1.0954720366375337,-2.2003740311559934,-2.2181635866988687
0.36250249919104766,1.1077359963961788,2.1240192431111176
0.4439913996466691,-0.356775149212729,-0.5267790619622289
-0.3604401709908981,-1.136630477355506,0.02704551378869291
0.5835341273827435,-1.0257792920532998,-1.3654080781311917
-1.4385226489904384,-0.5056174214911261,-2.397435146922161
2.118803030729321,2.3899314568286307,3.7259523267588954
-1.3420444532864415,-0.8475447225781184,-3.590769348358763
0.9198072605649881,2.372282197291745,3.914683121462703
-1.121122678939223,-0.4524980423457383,-2.6264739482389876
1.1508830312317526,1.7354457880678917,2.202103976762378
-0.3847740266090023,0.36449985245766037,0.9224987495433575
0.15842290716221127,-0.906148937043164,0.11748711992619643
0.05334375570673462,0.018878621091041964,-0.5492018368789084
1.100734095024795,-0.10552745962145549,-0.31283280068358144
-0.32154745014292635,-1.221460560751087,-1.647261661090825
-2.9671837099839435,-3.059000211477956,-7.624049809062514
-0.7600587900644338,0.3018288281102537,-1.4686541704396765
0.18371232308894828,2.2419263369879068,2.0378623617459417
-0.4404682048702619,-1.5256613677627895,-2.124259796183847
0.7698208513207979,0.9431512676792806,1.1577419073284714
1.0153269959744686,0.9444165597683297,1.814398654301861
-0.14777180989980965,0.3794638125230826,1.6137323232180678
-1.4896453943825119,-0.9072355120735444,-1.7697547445976465
1.3841651100058967,1.746586274301826,4.5099776416620685
1.0830535001068178,0.11587695765934003,2.0949598564174154
-0.29919113426702376,0.09548428868580389,0.02827482333819739
2.1082884113927522,3.000615124470524,3.89506326145988
-0.3488754600926644,-0.8622662925391669,-2.547228834465432
-1.1371197204183754,0.8410452031721631,-0.316659795779465
-0.1558734337510055,-0.39078661569790973,-0.9552676639616646
1.0778337155057705,0.44397351771117954,0.5872641358240941
-0.9374534425425158,-0.6410744041345843,-1.1688232337271638
1.9512250777434486,1.6936355936038525,4.868939849612678
-0.8965262145720566,-2.2636990286775407,-3.2283127281772868
0.9544222763812404,0.9282654898582721,1.9685233254805472
0.544462374203177,2.1401648151015826,2.1376623212885613
-0.15405705958282354,1.8484752578570127,1.0064772906774866
1.080532978717757,0.5134915182270343,3.5676775337914792
-1.4997987888681947,-0.5945241852263791,-3.3507339927220685
1.3575717869331891,1.4901012417862707,2.6864483634239193
-0.0636840289702414,0.2202026006820645,-0.2906215762345739
-0.5424352498635134,0.7249359633502264,0.07260907913245353
0.7491740480400813,1.6012455763291238,3.3967529893510235
1.0598990135992437,1.2142194293607353,3.267881077141374
0.7697954306236166,-0.15894885506195,0.47073457800500984
1.9995038210449867,0.8755229794791348,3.9985225052451563
1.0807260760500983,1.0167079656027844,1.330886869352125
1.2835066324204059,1.6071199598872883,3.2463037045118703
-0.5398639371765148,-0.03669204491743949,1.202956043544019
0.10652377706202956,0.8884931304376834,0.4174289681914939
0.5629825823255228,1.5425677111236153,2.310667700820401
-0.017742236703293637,-2.420818933457865,-0.9399812351506713
0.3016352331732358,1.2050755662028667,0.6642332462896426
0.42610476613456866,-0.6213430104459559,-0.13091309877142737
0.8442439176815353,1.9583124924385082,2.4877560367760596
-0.10160889077002393,0.23503543717227465,-0.9835165494055885
-0.34979921539188125,0.28076060239515305,0.3352224967884116
-0.8283156502165506,-1.3692413984206269,-3.041686107718651
-0.8917323261422714,-0.6090810047762332,0.15494111931934929
1.172451227346323,-0.6947613520439753,0.49835106698476994
-0.08452148800245243,1.0107251287021222,0.7160540961462081
0.7869443810905431,0.45610564244972635,1.2839218212268664
-1.297363846342752,-3.8864441411730413,-5.081020606006257
-1.9381681078391828,-0.8766845541799582,-3.0140768870147445
-1.0490912309999634,0.6276824956524236,-0.3641802159725008
1.146626967509505,0.2704974511054947,0.8423128592474033
1.0680774398324595,2.2807873256252087,2.849425264644426
0.3320386078520851,-0.4177168432603073,0.4413652737271554
-0.8021701501599596,-3.068690780092669,-6.007211247324446
-0.1308026415658544,-0.48869511584518177,-1.4189809561229716
-0.29776047979893233,0.028375972194002397,-0.260829302993733
-0.34497334609531666,-0.2114222167175149,-0.2140151076292549
-2.506069837315632,-2.4024718878209907,-5.299083213025096
-0.857926385962197,-0.5615035281998787,-1.2832058706506342
-0.19010887568223522,0.026446787940655025,-0.5131267872479877
1.5164277898120941,1.3003894863542325,0.9561037101561771
0.16074305913174441,-0.440638314021561,0.6605755929724179
1.4008882862628078,1.1350874387160879,2.803971720884105
-0.39370690875944603,-0.7453794749174745,-2.096443405795521
-0.2526885812478079,-0.5556112046827115,0.6666751677050704
-3.899421730054339,-5.0023751613397955,-8.224302398824735
0.463330339207019,-0.07926404531015369,-0.2414381688904217
0.5470956613393337,0.6293218501244486,2.2829842419747184
1.763759069559374,2.0731779799957666,4.375964879572628
-0.48676121079282914,-0.5507901583115122,-0.20867659670647853
0.09415415619704649,-0.08950575803828627,-0.5971453549372463
-0.7055279547210833,-0.17107808114891987,-1.4332395229163333
-1.1762570649202813,-0.36178840430523806,-2.360509619971829
-0.7131079667369583,-0.033028088036473835,-1.2871945298102796
-0.3449985240857874,-2.094907609514682,-4.752994494524119
1.3554380286698136,0.9000329374154468,3.339237038310607
0.0022116025733781067,0.7078661896087033,-0.4703703990390887
-0.7905448096678757,-0.27514748599080463,-0.4959799013681281
0.14187782824173303,0.8216884295464759,-0.3346530460914714
0.21757135556003437,0.5319228635794604,0.8663010351607239
-0.6762320559749608,-1.5297688582863875,-3.398352592909723
1.1432336266295944,2.365798158970402,3.48915280432535
-1.88834889097665,-3.24793776518992,-6.735982896541181
-0.21354462808298652,0.7722131643407522,-0.033252519013563187
0.6650660656292455,0.6486909343886459,1.9733977423589129
-1.3384325194768547,-2.8110867437635183,-3.9356230351365467
0.3612537486433768,-0.034905051910253226,0.4973946005096834
1.2928930501938052,2.4966447967108714,2.9311019191988725
0.45367126425696813,-0.13473040557354,-1.877591355645307
-1.6901599429769263,-2.9007623397912528,-5.483948034732181
-0.7281950274352488,-1.0169853111940534,-2.2561310892594864
1.2323034025042632,0.4142284439627073,3.1257808322674365
0.2983352450652942,-0.952264734163298,-0.08440558430887735
-0.009858938489975367,0.42767881373699546,0.7342822416957062
0.4412005947154901,1.2393729023132953,1.0987101126749295
0.7210489500058761,0.16931753281475403,0.16110692911022406
-0.7084652365979932,-0.1848423129531075,-0.2526857980578754
-0.29040008007295537,-0.6774270949924779,-1.339878422983365
0.14291364966681958,0.043199520509999575,-0.15078129584078176
-0.5439577217873256,-0.4205553107947571,0.9533414696886822
-0.13345155853725454,1.3598319828547623,0.24456106124227672
1.2978717611819932,1.8054306263540223,2.821696678117753
-0.9678198646920557,-1.9669329732319434,-3.1844427914396145
1.9266627091351407,2.4424919448851377,3.7178215398860033
1.879344377381986,1.6581561071452533,2.1259339076765658
-1.7134394379643105,-2.1797998468719206,-2.6208885975904437
-0.14102266511302244,-0.9807840226330128,-2.534252980278013
0.3426915696456793,0.3164313070892564,-0.24849151246952306
-0.7608710875064288,-0.821003522793112,-1.3256093876158928
-0.7410805036847287,-1.143262868229208,-3.128079075150661
-0.2374156967345463,-1.6285630408328104,-2.0217784892354205
0.7391780871115503,-0.967994205957972,-0.48541117299985853
-0.5113338389470944,-0.38334934693244005,-1.1314332314154512
1.8266938116201166,2.0048985650763678,3.6915256554758162
0.28997400233853204,2.473102689690572,1.3546560031791823
-0.10257528408332377,-0.2812382934464213,-0.9333165727231078
1.449259685131458,2.470683764303071,5.204456360280995
0.6262811950603524,1.821484917379578,3.6117096520524465
0.3692867756875739,0.3082200202963301,0.09672831543715699
-0.331140382769525,-0.2543393793319484,0.4994160935796079
1.8139856138927497,1.38414187661499,2.258262297322951
0.8118215897399867,2.586980800524287,2.0348438956079553
-0.20341133594471233,-1.7118435072002987,-3.932517965016954
-1.5771991506827037,-1.616845299320406,-4.307042691443723
0.3729515417619218,1.7570745358655722,2.589903734823355
-1.1437400921015901,-1.2514201554351638,-2.720708177846508
-1.7159459517583207,-2.2868834515369554,-2.3411952802582467
-0.2791515054677641,-0.046268868522562845,0.5140160090440875
0.2814711025906223,0.8084591152731875,0.7357154888489305
1.2824812336831644,1.8499243073696436,2.909124990972849
0.28245182528524887,0.5640951402207055,0.6306352071125413
0.8060195271707506,1.5561106468684902,3.3612360756132618
-1.2258827052231547,-0.2801816492244862,-1.8902541997079856
-0.022532177467557167,-1.1294150898467117,-1.1664494014772984
0.12421131930450507,-0.2546805059431454,-0.8659134871157803
0.8622461846199109,1.7319375108652721,3.8929379424346706
0.11606067343101731,0.604680697911577,0.3716311293315494
0.804078958119873,1.0386790664682204,1.1959614344378746
-0.504199247777134,0.16827964434110432,-1.8560603527353616
0.35795490621315673,1.3101086409140164,2.6343110161343604
0.4148664012544231,-0.44318065781236016,-0.620016694700871
-1.249775724586651,-2.476720136730426,-3.796884103353318
0.17553862856764266,-0.9781428321171316,-1.213050923235572
-0.32036252695140677,1.5383116021847842,1.0314307863228296
-1.9040879486160345,-2.958520521863976,-6.845156576473234
0.9584066801413982,0.7238195575963918,0.8976470654841507
-0.3618586803043011,-0.5473369793891181,-1.9928071007517856
-0.8523900581258608,0.17867010708318043,1.5046754291608835
-0.37731674369381457,-2.115637842594788,-1.146088656841439
0.13820030314832132,0.09893209219491536,0.675209169212369
1.50790948434714,2.7222978311958306,6.716971076398238
-0.1659332030062026,0.948966559184399,2.060355715142592
0.4724074969585104,0.881719491395009,0.009403565226605792
1.373579376897762,1.112640289517826,1.2009949537271907
0.5335505312737927,2.29123397790881,3.092649490732918
1.0685641574187916,-0.6033830191002187,0.39580662006514156
-0.47650985895095554,0.5044754162608943,0.23944286595492786
0.7710493264739775,1.2792272151198407,1.2253453799410075
-0.057976000069692585,0.5330606843379841,2.3205888861497006
1.0744112374891797,1.3402200677303262,2.06351782835392
-1.0035595719921404,-0.7983794245451391,-0.6817086484554673
-0.7795577532427447,0.15123024255947293,0.8310640589784908
1.2687315727053823,0.11568678405475974,0.7991829598225544
-0.19608397256936924,-1.4426359181144999,-1.0623387657334211
-0.35896064670446953,-0.19650741136064737,1.0375103540201343
0.0775724193502392,0.1297232110324845,1.665540975477923
-0.6894974573528612,-0.5258372950131538,-0.4635658748275181
1.3319413685305603,2.92237435203576,4.694021065020379
-1.249162651675905,-1.8284720052355468,-2.9987842082482987
-0.15059799836040494,0.6007207627803601,1.7188896751022162
0.3469527857023623,0.7314004894425401,1.6614138983227993
-0.10444706906656219,2.262115333273923,2.2819595368309056
-0.8022875453678814,-2.2044741968668045,-3.479468751749074
-0.8683891967525209,-1.4143963150842698,-3.635442620907753
0.4253944258208237,-0.03139560821201848,0.22047513160821547
-1.030480450166701,0.29012244643743346,1.1240993728702267
0.6462427057150405,-0.1736758651208411,-0.011045223683033678
-1.524148363645292,0.13379463587104223,-2.0315765478496433
-0.5549830967166842,1.0431252164180034,0.247480035854793
0.03630602236974604,0.901918673263682,0.7253559164986826
-1.2521519434446158,-0.8147759032176287,-2.626102817565746
0.6520108635265922,-0.9041673254100135,0.3910811547748212
-0.01853881330950251,0.16361069356883956,0.47086511124364555
-1.0360736815895426,-2.466745340327903,-2.3199481928234413
-1.5188882297503954,-1.8815146193619021,-2.7988924786088685
-1.5655893713726405,-1.362488638076277,-2.7415936391831814
0.05103394513032868,-0.25783743383887037,-2.3098697511313144
-1.1568301070665343,-0.20602448485742608,-1.1657072631075778
-1.364879600732452,-1.4940557478621066,-3.5120651111585968
-0.23122593549221063,-1.7798081557633865,-0.9333062333685924
2.277500524853034,1.2174432988223447,3.5683837439690262
0.2775403612334572,-0.9963680288831405,-1.4814455007170575
0.7629188335006009,0.44648845573466345,0.6661667052339356
0.21271834626863834,1.4603032032884264,0.4715345236557098
0.7829821661085862,1.2887282142551992,1.5241632500841336
-1.343088650464953,-1.0035791788852517,-2.0314810062815276
-0.43051197019258486,-1.7158933633452365,-0.9675817663810018
0.2613508456100389,2.6305146986002366,3.411721500346371
-0.017916816054972758,-0.046179978243389735,0.7455990176288708
-0.19199322011209138,2.2249194497200775,2.9240315834823547
-0.6658760797429369,-1.5332975260454382,-2.5228001307071652
-0.2583831027042033,-0.8262295832402224,0.3685331771735394
-0.7741978238913314,1.8254636663756714,-0.30044093712539266
-2.421833014859781,-3.49682699411552,-5.7952775737536015
-1.1945084417055867,-0.7758026210137074,-2.4960663283486886
0.47565293887443977,0.1374476643963778,-1.352344836128146
1.5570779556716277,0.7436656159806185,3.959738234416152
1.813580171323687,3.9746597679416444,3.7905484921459562
0.09675174368870822,-0.907379307121926,-0.12127731836793476
0.8933836234441344,1.7908186250413993,4.477377291864784
0.9079779107107238,2.012290508194536,2.7171450025565758
-0.6922591838680748,-1.7040606393435502,-2.5116914762769875
-1.6979398304606041,-3.5951651213149645,-7.191888079149238
0.030887319354812974,-1.749752577908892,-1.9686722590098302
-1.7622009972405384,-2.5617844650482517,-2.873067120129833
-0.3199296129548269,-0.09726494420231602,-0.9393140039239398
0.6081170867893684,0.9435592172931816,0.5772773338454269
-1.4200694881000024,-1.60911606226633,-5.344935510325286
0.03229538393163682,-0.0730112007191579,1.2449627751510708
1.2400181153090652,2.214065473688987,3.865871990037233
0.36151247402096365,1.12966545242414,1.1891583694785532
0.5223217007496789,0.9010759258913577,2.4661814903760653
0.906740413816745,0.2897732957098733,0.6658323348319259
1.73296307213118,2.5105358510811575,3.909480382666001
0.1514230817231868,0.33263275914484336,2.6080767392010022
1.2295008614331246,0.4816657142222145,0.814900900235869
-0.06416921633742403,-0.6410650933827853,-0.414901934058802
-0.5461688154334842,0.6824789430037245,0.35983361668511127
0.3148209696175649,2.1602029322009217,2.5724659427951426
-0.605812847991671,-1.1355395804221424,-1.735078677938944
-0.5731292157665655,-2.651197370098771,-4.530987290432758
-0.6077406304422468,-0.02027691344888438,-0.7655184581186318
-2.2954241955331667,-3.1986870217367023,-5.736582181582565
0.10549947766059664,0.8379976384867713,0.274572674329862
-1.263835358595468,-1.639792636297108,-3.737167963717204
-0.1072691206682774,2.122329359154459,1.0133379791887476
1.4499687804848278,1.562213285825625,2.2027551835788484
-0.5210003231072904,0.3818503780063025,0.26994602094103576
-0.5420091584474772,-1.7570628897313956,-2.2626158051468415
1.3639093845017958,-1.4553820539289757,1.5640248235628325
0.5463057654642988,0.6816368838667155,1.8312755400185843
0.9765270973526429,1.2384901874544907,1.6199587352108828
-0.35529123398699336,0.3650084016219012,-0.5293984763414383
0.7480832128709275,0.194271759216047,0.769383158478061
-0.6861685891568023,-1.9780070938005962,-3.0141968110488784
-0.676001725621899,-2.2764971014703015,-2.9488047902766836
0.5962442782050664,1.1493851929097287,3.686826111493215
-0.5983731712727243,0.11191775482108812,-0.6384341415943542
0.7671185432439538,-0.10863978515231054,0.7904757479327466
2.3916845354292984,1.8636499151451429,3.063697624447416
-1.6861525369472856,-2.414337979195543,-5.601037124293589
-0.7522043761212451,-2.6474118590020153,-3.535257833647404
1.1201461818426741,1.3192617905591888,2.0221221261410776
-0.14507816949322366,0.700937947120972,0.7575639964698654
1.1610898497925723,0.9377401390610286,3.455818005635875
-1.0100642731329075,-2.4325365777835195,-3.953065314755382
0.3313441778079705,0.13302229435773702,-0.2202219285734629
-0.15055631782284468,1.2138663728005865,2.041808217409649
0.14037072287334246,2.270276784606209,1.974968095311417
0.33111601905536314,0.6002131583166292,0.9888441521867485
-1.2200063626559563,-2.0089473913517897,-3.334633263028938
-1.0741374853592944,-3.0597129457966066,-2.2546655732905894
1.3992440068954228,-0.14669208733977768,-0.430584291306068
0.29321371158095555,0.20432616139422963,-0.32336586178582993
0.10634633295262737,0.33211176315504004,1.0892506953352419
-0.044074722613553316,0.21256520179962118,1.3285865751123214
0.3565424987061171,0.09356503325937687,-0.578960990027094
-1.1559367394054465,-2.6991588441663747,-2.6762546038788746
-0.9990273318953995,-2.5754832616248686,-4.0455462572982395
1.304508247206433,1.451832611530619,2.0300794586287867
0.15127522184716322,-0.6732926601332772,-1.1521424832499192
0.8503008736540341,2.1551364151979713,3.3592676568896707
-0.6056640069212733,-2.0645767604269882,-2.1856344950884576
1.3767253803593051,3.0638233040298504,3.5657691474602764
0.345278405319519,-0.32121777690608316,0.23002445626471166
0.48124581925008575,0.7044348206147928,0.8035890372560021
0.5487293377157805,0.771891267019786,0.12784322803314607
-0.7970092393721301,-1.141016789230963,-0.24623967936549396
-1.8657208634000604,-3.879203708027873,-6.712443722764827
-1.0748026670851023,-1.5571980535029517,-2.529460223453077
1.6305228573863613,3.1529830534203445,3.618642288835467
1.3006839703204864,0.019890695259136892,0.8891808575668587
-0.3469213679779701,-2.1890305152819054,-2.4450799423724483
-0.30167632703614505,-0.5205498239990678,-0.6608306565547881
1.0366058772358528,0.6242188118262686,0.6370680850146668
-0.1684098727535861,-1.4612516308202277,-1.7495345774951123
-1.2992598701307787,-2.0518325848975447,-3.001146395884613
1.265543092596161,0.7844640096589623,3.5341848499028443
0.4771785779139319,0.06430411444869494,1.3396350148849367
-2.516339715003551,-2.3535658926422647,-3.7970235713568288
-0.3131901055298775,0.3934731467927867,0.7133072748989359
0.14367020328433938,0.530745108456884,0.007300717290441905
0.4812468270587883,0.8229955622905896,0.9758750248699519
0.15215118931163515,1.832294144841534,2.8909757574066868
-0.6357417972436246,0.45956142776166664,-0.8636064913625082
-0.11575904402998716,-3.028599197522439,-4.265708133068458
0.29480031794360034,-0.06836152568405857,0.18266135963160157
-0.26800408561401673,-1.8445542761309688,-3.9305537252963667
-0.37190071970620736,-1.0610371838433783,-2.215359088497737
1.2520839386648168,2.0231578035078988,2.135693368484023
-0.9466076852692522,-1.1477938093450035,-2.5068978719514083
-0.3494634711099121,-0.7778527344115125,0.18502576128571802
-2.03126901304909,-0.7142974835075742,-0.4263815592208742
0.5409699634514118,-0.9628079781613685,0.17121279879153795
0.8282644598468853,0.7344501097271997,0.6020852564245419
0.5484868325965845,1.0972456914397815,2.3768331318670093
0.9176724874612288,0.941807192039922,2.2799715471364967
0.4407067447635609,-0.7225684663894831,-0.8842298826425665
0.34251539095341227,0.31994782764070706,1.5435403267932504
0.4739470669880134,1.281459242357636,1.2718425805231708
-0.26730843195327686,0.08994154127949294,-0.7568115580978012
1.188327862596402,1.5060192883412615,2.7517180620386803
-0.3485720650141568,-0.041124035479034204,0.29576632842015155
-1.4623519251551929,-1.3271602333441526,-3.1578301913041056
0.8497836136184508,-0.39147718876519544,0.8135266886353405
1.8507027799514817,1.5416005935497186,1.5628807149048987
-0.9601511192906311,-0.5293134262816428,-1.197185589546772
-0.1016311295928566,-3.2161403321436195,-3.796211793162173
-0.6854420107180271,0.07173595512979913,-1.1366262264413625
-0.3805832501275168,-0.043158788002122916,-2.9495317854302505
0.04609297177965803,-1.0380867391344906,-2.4411962357468697
-1.2418084527811688,-1.9881585527254308,-4.9755131661209555
-0.2776536712672873,-0.481494967590961,-0.1536948578982008
-1.4659673863823872,-1.0525324272087537,-3.440431261117356
-0.568227637941478,-0.9422542848185504,-1.2371625951477798
-1.1860696539864874,-0.019066546022980857,-0.5462268823102547
-1.0590606994601444,-0.6459350869929508,-2.251411442849341
-1.7199106806581999,-2.506482086538922,-5.253851343756259
1.2193545887326338,0.7481726697285682,3.178037371452656
0.5090590847395515,0.7366387082351974,1.5076391695081202
-1.9174640434564942,-1.1890900118541672,-4.339237550808292
-0.5968275940478756,0.08318788146224676,-0.033224480045840776
-0.670438599903074,-0.7680323515741475,-2.1022897997506718
-0.6909441281685968,-0.5414490806263946,-0.7675013454598556
-1.4468835125564838,-1.4719845539450955,-2.0926928038082266
0.7543857213684552,1.5763756466331018,1.5138226424756263
-0.395863785507999,-1.3821083018142197,-1.2863316707986503
0.4681489094895136,1.0709916022776873,-1.472309563595747
0.5267557651664272,-1.3256472979008176,-0.251763473988585
1.375445311670887,1.8264782708400467,1.2418664672368576
-1.8148722777431434,-1.5586594620823848,-0.8479768940313104
1.7386021114249555,1.7382279595141021,3.830992508635545
1.2688152738912304,-0.8637940564398237,-0.20852625967998395
0.5730659923355066,2.139790062433451,3.846136289575381
2.3835922292341163,3.2820033742931205,4.881150468905813
0.20497859792723128,0.23042693101266387,0.5545806789707811
0.8214789160702182,1.2801862468017657,1.816758577901652
-0.7384139812679597,-1.6777961324467543,-2.415032473057904
1.1343574079518282,1.6466305614005434,2.221443287605399
0.16782596972241448,1.7279131168435269,2.333878886889929
-0.4512001448560466,-1.6292857345675649,-2.820335704004323
2.116939198315876,4.809696681380667,7.039156438543982
-0.3047996645408318,-0.7417286247365626,-0.41803481373101237
0.008861327608517627,0.8362692005505041,0.24962626613563754
-0.19727995732612844,-1.0233907391480006,-0.38504602899329576
-0.7556709132364813,-0.3652652804330674,-0.6352128326931902
0.5312724005304282,-0.7426669884596501,-0.5069178737645166
0.738409603732731,0.07941559013348842,0.3038297296604091
0.3543725277387253,0.12579524776742163,0.4313728624174394
-2.3605782614449353,-3.0163998718580536,-5.829826427344307
1.0079970034230852,0.7665670364303723,1.2607332861246507
-0.3502383498230938,0.6257145139226821,0.14278467675025516
-1.216323411889306,-2.493408632489324,-3.9219700832217863
0.6032809590509747,-0.5924722144366066,0.11758598694550051
0.5628494203738629,0.6099086752758873,2.59254508174954
-1.0430737022813366,-1.6072633734535227,-1.738565501176073
2.472435678832565,1.4686866227465678,4.790682286916788
-1.2096265493756504,-1.0775937594375564,-1.7699042434478
-1.7330027043844558,-2.297369560039265,-4.634160767533627
-1.1541714262983167,-0.8180312300008055,-3.032864161105019
1.4207998428900637,1.3810397713954068,2.574276049620791
-0.17585672570351582,-0.37707162815112005,0.6332301296414542
-0.3720566878481917,-0.4402966456541718,0.3868435574285708
-0.06215772113332739,0.9610826936150662,-0.5590965642920389
-0.5966139079163051,0.717490589194119,-1.6532694216552026
-0.6902634133270706,-0.8498677026180164,0.13472911182928948
-0.6412154938054386,-1.671183063440438,-0.8873850513136678
0.7079555234674223,-0.8033360786755864,-0.7219423616058391
1.0204558856716575,-1.2131222677095006,-0.2698840445867174
-1.0550925619827771,-2.2310485130831337,-3.236152228361207
0.23922797173839117,-0.6130917300129707,0.7293211578327153
0.7882072412490861,0.7356716923729439,1.035902577128903
-1.0817519495061156,-2.962290776874094,-3.45225257473074
-0.5025665920171958,0.9271246093133045,0.698336231788453
-1.0380641623107913,0.025491583463224776,-0.7119412866969786
-1.2910285430172368,-0.04585818456565849,-0.2828701557131914
0.10186286879000153,-0.41102734596224644,-0.16250571981191486
-0.7361323713301251,-0.49213111025038847,-2.509585352092315
0.631129089144547,-0.3162352294641114,1.2172985410316446
-0.029421922615303468,1.5203876429861447,1.0039178540645624
0.41262735520499433,-0.8003977073352488,0.5100413831319341
-0.29228291261987144,-0.8059082351606781,-0.8334419871833281
-0.6349973825890232,0.7884184925069402,-0.8246057181091362
-0.09067313510678131,2.399138977641347,2.5635160750559236
-0.004996130276595701,-0.0967226091979894,-0.7367533600944162
-0.7058554945166199,-1.1200897201929758,-1.5557282652228672
0.42659545511016506,-2.0805364818707064,-2.058233680868649
0.7465948559764687,2.457046872501058,4.213692238362457
0.15808270533092642,0.46626488332352667,-0.0873793595911212
1.7134908885015603,-0.170449932000722,1.1754082734201066
-0.6323390096507158,0.2390178838261755,-1.093202865769089
0.5205964182011031,1.1344777002404236,0.8611759416204241
-0.40873480052906086,-0.7631344236844271,-1.4416225094015167
0.23462950367525942,-0.32320686523714,0.12563035225206737
-0.8299493395820846,-0.09982401474564984,-0.3690509644320522
1.1151233773647666,1.3490687111792465,2.5152307457205474
0.17602090575725726,0.6628545477948823,0.38379385044459635
1.1922444995731674,2.4187392321830234,2.0519000937145213
-1.2660955768237576,-0.0729056234111829,-0.39687305950034835
-0.4935152092007745,0.26699789627172965,-0.7341366229931088
-0.8925658002780713,-0.30728109619164057,-0.7991143017134753
-0.531941865291501,-1.810126589070849,-3.40717591606536
-0.6926096971858243,-1.8080688642054286,-0.986456694093331
-0.1205409342872928,0.6979817837167751,1.2689962407639221
-0.017247143727842716,0.6299556347193019,-0.27594425594341865
-0.04098486469656254,0.4771968762386703,0.7842771671971083
-0.5555238735118273,0.28482331630939484,1.0720352369184845
0.1874251778886684,-0.3665781688212846,-0.35577387940490324
0.8756154955309015,1.4405389277546035,0.6148530562394656
-0.9022755659889229,-1.8911565781519943,-2.336618847704072
0.000888625001921776,0.06326876516435086,1.9115666950101908
-0.07407088917588163,0.8552550607517582,-0.816045455719103
0.46835463422376244,-0.20850983365732778,1.2846714112611983
-0.06385858477376474,1.889049348722811,1.592335211176652
-0.015664803595005782,1.1184146902949659,1.0115824089290715
-0.9910957822281317,0.38101137219183023,-0.41834953039399814
0.021703839059641333,-0.18945256218145104,-0.1554295174936381
-0.9218844892991094,-2.310833926789863,-2.3699306086947134
0.5157042481640784,-0.1828855825609732,-0.8317479616537592
-0.10321893428652158,0.4484480373584678,0.25918930080229824
0.03985841761466474,-0.23914461576515927,-1.1348716067611972
-0.8911903670902938,-0.16982519873159385,-1.5717276610082942
0.803757579941689,0.9542124973200877,4.7305443698945115
0.6923139089321741,0.10256015573086397,-0.051079274104327776
0.8615239290498078,1.7957392181093033,3.1061181725191993
2.2273860809131754,3.579130780850977,6.112839306233603
-0.05251938229307366,-0.7846685946302757,-2.7571391638417997
1.2034028358078068,1.715310457828656,1.771495976105825
-0.12382780642392177,0.032766372729998744,-1.907272365913746
0.3940872958402979,0.6749669554516347,0.9161766088602898
0.36533742761293553,0.26122996205077287,-0.6880847844881334
0.2645917633584743,-0.9880896675048536,-1.6207506964403595
0.658256178520381,2.0677799360732028,1.1909070017806234
-0.3039363803392461,-1.347528247419251,-0.9782700747318624
0.04093228158147673,-0.8296940565699775,-0.19189695786804717
0.5353096473418112,1.1915802397653903,3.2132463890808642
1.7478539000384907,1.9277286998803869,3.499708363992964
-0.8423566689824117,-1.6383937109265203,-1.7426618983950108
-1.8061326203829131,-2.463679996863619,-3.1402123434771205
-0.4840854911476985,-0.6427829819847759,0.9651719018354563
0.08992843298078625,-0.3461537469882005,-1.5057769499577414
0.17497709320369015,0.8215034172536358,0.18613884422692062
0.09221778578673422,-1.0720013324699498,-1.9607403686263103
1.182790122678783,1.5461108018292065,1.3422726138192966
0.9760497927838799,2.506584610665189,4.1970758031232975
-0.04926790495129596,0.1520942876126514,0.8309597596647271
-0.46954712275218685,-1.3578405309016763,-3.2252015055474272
-0.34600888138250585,-1.0690473631575854,-2.5007808092980897
-0.35630415298259815,-0.31263967691063665,-0.3552446680951307
-0.22559947382813822,-0.8498135610444408,-1.5671177340167948
-1.5726505615429949,-0.33804828953980537,-1.6816863590317008
-0.4610407436426228,-2.301424441105513,-2.9315412029654886
-0.4248800212959662,1.2140827967277732,1.8492192146939752
-0.18888038569796042,-2.2138701992191305,-1.2760417285326144
-0.2543000124201234,-0.2953088857033949,-2.379458182566671
0.6720071416275368,-0.41096506290333745,1.6173270724493798
-0.5319433559629919,0.2882398828117698,-0.725515548740731
-0.4385777014308822,-1.2126113780080234,-2.7852215502090214
0.5419387546680404,-0.5911290931397809,0.5537161948172938
-0.23531484674423206,-0.5753398288932585,-1.7903531010828004
0.2164547268456756,-0.1945539769181134,-1.2353383669247235
0.6693356983561061,-1.2656944339293086,-0.9413301338401731
0.4219694947780549,0.8764856385531019,2.659651380989962
0.25016244798431597,-2.142463043360274,-3.71021382013302
-0.19644155767581964,0.9798957545611735,-0.2578690910168797
0.6818941030932071,0.3518292281898551,-0.6578232259326986
0.17554994126500043,1.128556720579301,0.09937651520788315
-0.5048527510617483,-1.1054109361830895,-1.7588245972756726
-0.1508091869990102,-0.9439162538088841,-2.4145142703325995
-1.218129377322531,-0.5663812358834308,-1.4741330931422958
-0.9615559741469126,-1.5456957317198308,-2.401431957649527
-1.8829080367785338,-3.4305141177789755,-4.591217342834413
-0.6799313816069117,-0.7670082572794334,0.4730957958259665
1.3355454216308837,-0.04152418408770897,0.3055475984702607
-0.5564888399932533,-0.5693960621593797,-1.606821607871425
0.7875408171027013,2.166480318383686,2.3497165242055598
-0.0034498542228016903,0.959218521213017,0.5036025407326583
-0.700548823091534,-0.6986970919487714,-0.9958835318920776
1.3382795151279085,1.172560787225903,3.1106779923309555
0.5822058485731421,0.26542045224602134,0.34166579135895137
-1.7518005652801107,-2.389345961051944,-2.809442783757662
1.0414021981866897,1.3964760810092995,2.1662409427253047
-1.0747914952232525,-1.232676591295266,-2.423355865447575
-0.1779139465826313,-0.5596130985433866,-1.627439352519184
0.668113421683895,0.9381611613378982,2.274249918564268
-0.29985316059917977,-2.3182298920734543,-1.8723714301973688
1.1189440556172074,3.0754242354824264,4.1971716605070695
0.7612637605131622,1.3913976030263577,-0.00034843919937888046
-1.5768756104869754,-2.9706389317893493,-4.791365902401168
-0.4724341564337806,-0.3573876451707067,-0.23654774175344362
0.2820737332213647,-0.8470114156179447,-0.9822230383680903
-0.574998681265042,-1.1142670217838981,-1.7859937539086754
-0.21627650618113814,-1.1113859295954749,-0.8151062426187918
0.7997849113889519,1.8916457462295548,0.8720385913370168
0.31678130668345533,-1.6039521604578908,-0.4924646833518894
-0.9206190351548597,-1.2750124382375723,-4.089329947875676
0.17460636935363696,-1.4744565944264647,-1.2043104646485525
-0.6122696351098722,-0.6327192564124651,-0.6700291743560184
-1.2151923592287868,-1.5329003773233034,-3.250040841432792
-1.1300558500020657,-2.536775767566291,-3.199682316474623
0.2869555371009184,1.7266899518745094,2.5075054478667855
-0.02811370599356217,1.5353292113643062,0.9754834191909137
0.005431808558425666,-0.5587506940203729,-0.9776974739206843
-1.146209047872416,-0.6242808558066391,-0.9665973460072798
-0.18392954998757557,-0.33273622865070396,-0.2101924465193976
-1.0371676077490912,-0.7937268998148118,-1.2304053997971387
-0.9263938335666286,0.6057371305367896,0.09017945395192817
-0.165126756790438,-0.43376737057959847,-1.1682229860811986
-1.3833904513204967,0.4087770322472559,-2.0315828836055307
0.6692672663671115,0.3810724129366464,0.028956160773071726
2.486882851272909,2.39332891692951,3.544261592132216
0.45882324909073774,2.3481406866409418,0.7981501995894895
-1.042903138995506,-0.7676859416732604,-2.4006136235606923
-0.27118551415148473,-2.303127147858878,-3.4751267444036236
-1.5554379435822379,-1.3306350686778967,-2.821739860803331
-0.37761638129222136,-1.6594696111078306,-2.2653695492501025
0.5073139355693843,-1.1552889582937174,-0.2748259410114086
0.5893847661857725,-0.3532580973597649,1.3619569386384627
-1.0317427538584325,-0.7056623730690059,-2.7183360180312564
0.29914565348662464,-0.8142219989254595,-0.7653195044206367
1.156408025005446,-0.2448504838274077,0.5308215078879245
1.755091585099097,1.3753300529379198,2.256852937446505
-0.7007948826987104,-0.2961842344305529,-2.1899878260664396
-0.8642000120792834,-1.5605782961238388,-2.3651296087833407
0.054415869120395775,-1.2520205161751874,-0.934044808767174
-2.9280901725683814,-5.1007827865805755,-8.306151309693346
-0.5310340011508854,-1.307236489072559,-1.2759139633640701
-0.27097496931211884,0.5733334723436567,0.6141679399821409
-0.4593419875378874,0.5427482336149827,1.0950694413500248
-1.5838732281625223,-0.7940617766236725,-2.334672405604549
-0.24555110772965252,-0.42084234994311703,-0.5132015985071968
-0.7766086200556818,-0.6472572363353825,-0.30307021760282793
0.7574830584581226,2.0251865039977663,2.35105383158639
-0.9184748174227628,-1.7871522446198123,-2.243579426829996
-0.28234512976124115,0.08173044631024634,0.7947302485743166
-0.23294792511840304,-2.103844321151728,-1.43413085887286
0.5675714213245197,1.2498690834406485,2.6492840889519824
-2.5459046003660784,-2.9969476391087566,-4.9177743493951285
-0.34062493579600056,-1.4962563708195178,-2.1189905765501154
0.7596151492736765,1.5324490975407539,3.2765040697370127
-0.3616882372265676,-1.4729231893915387,-2.337481219397146
-1.5269369663879415,-2.3942186445039826,-4.341314447650136
0.3265981725839574,1.863416594103041,1.9776837463417891
0.33668690624350883,-0.7093381781061269,0.16940727563416558
-0.2704893919573284,-0.9264944186910848,0.4125230594049307
-1.1597957072917302,-1.8430502013049161,-1.681558783638126
-0.7406751455270828,0.04412580679919009,0.5778413776736246
-0.3137565089364269,-2.1496682062555506,-1.771596890195843
-0.8755328557582861,0.3748628272295286,-0.34507133295167247
-1.9201783483529482,-2.1635322123832927,-4.951206676734279
-0.7692867989311631,-1.0861531537350873,-2.4385997607955967
-0.06174393447177569,-0.9584253513789258,-0.880307992027251
-0.5070600672915547,-0.6525113949590257,0.5476086952936299
-0.07557283913840278,1.3948206833563577,1.8978621070312962
0.08365797896292382,0.29651036540933406,0.7530636635811652
0.8965755003643204,-0.035964691503503454,1.4422081858524518
2.203824123451556,1.856468960801818,2.720072271538973
0.7317788401264059,1.266231906705945,1.3378318981759636
-1.4043285465488287,-1.319003474361376,-2.206836753501089
-2.656944947302302,-2.9142555388460294,-4.547578556462929
-0.09446216866931324,0.5101107444758786,-0.17742511385068094
0.07138843525796344,0.43247512036883584,1.0628426894313046
-1.161873305834576,-2.2395893206029625,-5.283848527640245
0.2720321372020745,-1.6428842150862233,-0.866410291792874
-0.7669395878687968,-0.2664513846381361,0.39427481628913585
0.40266973278163704,2.2601138541095893,2.4627418934887837
-0.32551817297182867,-1.1462495672379363,-2.0867796544305945
0.39746259072463846,0.2564508734686078,3.3293593838800026
-1.7431951941054324,-0.38911381160020575,-2.082663667389524
-0.43846687509929955,1.3011670903392554,2.2462612604952543
-0.1485960064725456,-0.0833601187959795,-0.8814020321094038
-1.4248747250999314,-0.17514945103497315,-2.7883194309705104
1.8823382582267307,2.632972228940785,2.9858441517211523
-0.5407734120955239,-1.0965891424642407,-0.6412795231218333
1.389971729008376,-0.6288398889121516,-0.8964633054861708
-0.6643420911200446,-1.5737696527170422,-4.233638561528251
-0.22997115548100328,0.13925817592476253,-0.7040571260469572
